bar_id,x1,y1,x2,y2,length,N
0,0.0,0.0,5.0,10.0,11.180339887498949,8.385254915624209
1,5.0,10.0,10.0,0.0,11.180339887498949,-19.565594803123158
2,10.0,0.0,15.0,10.0,11.180339887498949,41.92627457812105
3,15.0,10.0,20.0,0.0,11.180339887498949,-41.92627457812105
4,0.0,0.0,10.0,0.0,10.0,-3.75
5,10.0,0.0,20.0,0.0,10.0,-31.25
6,5.0,10.0,15.0,10.0,10.0,-37.5
